first_name,last_name,Genre,M1,M2,M3,Y1,Y2
Arlena,Rulton,Drama,97.18,0.0881300429,78,0,1
Othilia,Shailer,Comedy|Drama,103.84,0.0662186293,79,,1
Hyman,Oxshott,Children|Drama,99.12,0.0088055663,88,0,1
Dallas,Forster,Action|Adventure|Sci-Fi,100.77,0.0613538151,97,,1
Jeddy,Woolnough,Drama,101.94,0.0408659832,80,0,1
Shandeigh,Petracci,Animation|Children|Comedy,99.12,0.1254323819,112,0,1
Georgiana,Wotherspoon,Comedy|Drama|Romance,98.59,0.1161777135,89,,1
Christin,Silbersak,Comedy,99.26,0.0212787712,75,,0
Herb,McCartney,Drama,101.81,0.0626071515,88,,1
Cate,Driussi,Action|Comedy,101.33,0.1367491635,89,1,1
Carroll,Stapells,Drama|Horror|Thriller,97.57,0.0763360771,90,,1
Dalt,Gisby,Comedy|Crime,100.65,0.00271749,90,1,1
Cornell,Skeete,Drama,101.55,0.1210427705,82,1,1
Seymour,O'Callaghan,Comedy,103.72,0.0938206376,80,0,1
Lindsay,Bredgeland,Comedy|Drama,101.89,0.0028442747,72,0,1
Caryl,Valero,Comedy|Fantasy|Horror,104.68,0.019799082,95,1,1
Johan,Scrimshaw,Documentary,96.74,0.0034859266,68,0,1
Saraann,Comben,Action|Animation|Children|Fantasy|Sci-Fi,95.69,0.0773883455,71,0,1
Manny,Baron,Drama,97.47,0.1098261213,90,,1
Elyn,Milthorpe,Comedy,98.43,0.0815619575,85,0,1
Imogen,Padden,Drama|Horror|Thriller,96.47,0.0359450148,90,0,1
Netty,Cockren,Horror|Sci-Fi,98.48,0.0121256463,77,0,1
Bonnibelle,Shrigley,Drama|Musical,102.95,0.0348460658,118,,1
Loni,Mailes,Action|Comedy,100.21,0.0193365996,87,,1
Celie,McIlhatton,Comedy|Drama,97.08,0.044213828,86,,1
Larissa,Price,Action|Drama|Thriller,99.8,0.0065916788,86,0,1
Rheba,Corkish,Comedy|Documentary|Drama,99.36,0.1791140591,78,,1
Ivory,Lovering,Action|Crime|Drama|Thriller,99.74,0.0018371167,76,,1
Wernher,Boothman,Comedy|Drama|Romance,100.42,0.0826162484,76,,1
Jemmie,Verdun,Comedy|Fantasy|Horror|Thriller,99.96,0.0064097706,97,0,1
Cordie,Fieldhouse,Drama|Mystery|Sci-Fi|Thriller,99.63,0.0579583377,86,,1
Elfie,Gerbl,Comedy,100.3,0.2696543074,92,0,1
Travus,Cosgrive,Action|Romance|Thriller,98.49,0.0053454687,81,0,
Heidi,Giovannazzi,Action,97.86,0.0204845862,87,0,1
Suzie,Norrington,Comedy|Sci-Fi,101.51,0.0614483048,88,0,
Laraine,Cabrera,Comedy|Horror|Thriller,102.44,0.039837354,86,0,1
Renee,Merner,Drama,100.61,0.0072896706,102,0,1
Smitty,McCorry,Drama|Thriller,97.11,0.0716681275,90,0,1
Vyky,Marioneau,Adventure|Drama|Thriller,101.88,0.0123707018,113,1,1
Arney,Kinforth,Animation|Children,98.53,0.070662662,88,,
Zsa zsa,Sheppey,Children|Documentary|Drama,101.55,0.0108976836,76,0,1
Anna-maria,Caurah,Crime|Drama,105.59,0.0286818776,80,,1
Shalom,Jevons,Documentary,100.9,0.0380842642,84,0,1
Rorie,Annion,Comedy|Drama,100.34,0.0387087344,106,0,0
Loria,Trevers,Action|Drama,98.1,0.0692081667,98,0,1
Aymer,Lewington,Mystery|Romance|Thriller,100.27,0.1570357134,86,,1
Alec,Paish,Comedy|Fantasy,103.18,0.1549836267,78,0,1
Shepard,Wisniowski,Documentary,103.39,0.0740299819,83,,1
Rania,Wherton,Action|Comedy|Horror,101.38,0.1295769391,90,0,1
Georgie,Monget,Documentary|Drama,101.12,0.121105901,88,1,1
Alberta,Boycott,Documentary,100.28,0.3175503783,83,1,
Sydelle,Fowgies,Drama|Romance,100.48,0.0075690013,58,,0
Pansie,Trussman,Drama,97.92,0.1218092594,97,0,1
Dagmar,Showler,Comedy|Crime,102.0,0.0147551003,77,,1
Corinna,Hyland,Action|Comedy|Crime|Drama|Romance,97.98,0.1827358575,85,0,1
Kellsie,Cassimer,Comedy,100.35,0.0395048846,85,0,1
Heda,Claus,Drama|Musical|Romance,98.07,0.0342051817,101,0,1
Evangelia,Mackro,Musical|Western,102.22,0.0079315045,84,1,1
Becki,Purveys,Drama|Horror|Thriller,96.13,0.0914718264,97,,1
Leanna,Rayhill,Drama,97.25,0.1878859831,89,,1
Karim,Noone,Action|Crime|Thriller,101.84,0.1036760784,96,,0
Lem,Mildenhall,Documentary,94.9,0.1073668221,95,0,1
Sergeant,Claydon,Comedy|Drama,102.06,0.0525276037,84,,0
Helen,Jaquet,Drama|Romance,101.3,0.014193172,108,0,1
Dareen,Manis,Drama,102.84,0.0618719317,80,0,1
Shel,Simenon,Drama|Mystery,98.44,0.0197108579,90,,1
Sauveur,Mahody,Mystery|Sci-Fi|Thriller|IMAX,100.11,0.0650434238,80,0,1
Pammi,Von Der Empten,Comedy|Romance,101.2,0.035472988,106,0,1
Moria,Buttwell,Drama,99.67,0.1985742457,91,,1
Anne,Schuster,Action|Crime|Drama,98.91,0.2099634132,82,,1
Locke,Klees,Drama,100.05,0.0765305028,88,0,1
Erik,Rubury,Drama|War,101.92,0.0043614641,92,0,1
Agace,Gerhartz,Drama|War,98.06,0.0398926527,88,,1
Gray,Buckingham,Action|Crime|Drama,99.69,0.2579079636,77,0,1
Shaun,Corse,Drama,101.46,0.0420817613,71,,1
Berton,Wareing,Action|Drama|Western,99.61,0.025810096,102,,1
Mabel,Trevain,Comedy,100.31,0.1517463138,92,0,
Shalna,Pavkovic,Documentary,103.32,0.0321353998,99,0,1
Sascha,Barkas,Documentary,101.85,0.0038341113,88,0,1
Drucie,Necrews,Action|Comedy|Crime|Thriller,100.52,0.0290802338,87,0,1
Tisha,McRorie,Drama|War,99.89,0.0783171526,95,0,1
Colin,Hanning,Action|Sci-Fi|Thriller,101.86,0.0921006596,71,0,1
Avram,Mayhew,Action|Fantasy|Thriller,100.53,0.0582459045,108,0,1
Melodee,Ricks,Drama,95.42,0.1009101321,76,0,1
Gwendolen,Whelpdale,Comedy,98.1,0.064351247,91,0,1
Moria,Ebenezer,Comedy|Drama|Romance,102.16,0.0372731965,72,1,0
Jae,Trelevan,Documentary,99.88,0.0823600498,96,0,
West,Lankester,Crime|Drama|Romance,97.41,0.0305660729,75,0,1
Trev,Bolf,Drama|Fantasy|Thriller,102.24,0.1638699743,84,0,1
Louie,Barwood,Action|Comedy|Sci-Fi,101.97,0.1044171982,71,0,1
Bond,Pavy,Action,95.42,0.0352602082,83,1,1
Arielle,Lefley,Adventure|Drama|Romance,102.28,0.0242176104,93,,0
Christel,Picot,Crime|Documentary,99.32,0.0061435414,103,0,1
Elden,Maryott,Children|Musical,99.37,0.0240655158,88,0,1
Karleen,Thorley,Comedy,99.91,0.2223024768,91,,
Ramsey,Carville,Comedy,99.72,0.0796333715,90,0,0
Nerti,Royal,Documentary|Thriller,96.66,0.1798521677,106,0,
Cloris,Haukey,Animation|Children,100.73,0.0483229377,86,0,1
Rog,Forten,Comedy|Romance|Thriller,97.86,0.0715768758,76,1,1
Aloise,Napoli,Mystery|Sci-Fi|Thriller,98.41,0.0336235842,81,0,1
Norina,O'Hickey,Drama|Romance,101.67,0.0584718126,90,0,1
Arie,Duffan,Action|Drama|Thriller,102.51,0.2076046423,89,,1
Clark,Hoys,Action|Adventure|Drama|Thriller|IMAX,96.68,0.0410442497,84,0,1
Tina,Langtry,Drama,103.06,0.1196834739,78,0,1
Saxe,Fusedale,Mystery|Thriller,95.82,0.0329609179,75,0,1
Livvie,Bellringer,Crime|Drama|Thriller,100.34,0.1423249075,83,0,1
Reinhard,Gumn,Crime|Drama,97.33,0.0478705728,78,0,1
Farris,O'Moylan,Action|Adventure|Drama|Sci-Fi|Thriller,101.63,0.0549552883,71,0,1
Farrand,Gilvear,Comedy|Drama|Romance,101.42,0.0219894739,92,,1
Dagmar,Bridgestock,Comedy,100.54,0.0174238935,87,0,1
Francois,Donaher,Horror|Mystery,97.81,0.017799493,103,0,1
Tarrah,Whates,Adventure|Animation|Children|Comedy,103.26,0.0818486512,97,0,1
Gusta,Passman,Drama|Horror|Thriller,99.53,0.0068335646,86,,
Vonni,Willwood,Action|Thriller,102.86,0.0731826197,98,0,1
Lorene,Fewtrell,Drama,101.6,0.013321998,95,0,1
Kissie,Tosspell,Comedy|Drama,98.73,0.1129245915,91,0,0
Levy,Leafe,Drama|Horror,102.04,0.0135313827,95,0,1
Dominga,Quin,Animation|Children|Comedy,97.7,0.0717754722,82,,1
Cele,McGeaney,Drama|Romance,100.36,0.1166422115,114,,1
Hedy,Knivett,Comedy,95.91,0.0030010063,78,0,1
Matilda,Took,Drama|Romance,102.13,0.0022510394,89,0,1
Parnell,Crosdill,Horror|Sci-Fi|Thriller,103.77,0.0047350253,69,0,1
Gilberte,Bonnyson,Adventure,101.49,0.0203199919,81,0,1
Tremayne,Hulme,Thriller,102.5,0.0402338549,84,,1
Mozes,Hitzschke,Comedy|Drama,103.15,0.0594585577,85,,1
Bryana,Simonetti,Comedy|Romance,97.41,0.0256590183,110,0,1
Hadria,Auty,Comedy,100.13,0.0117579805,82,0,1
Zelda,McHardy,Comedy|Musical,105.31,0.034683116,94,1,1
Cullan,Kordes,Adventure|Drama|War,96.98,0.1082804402,86,0,1
Merline,Hellis,Drama,94.77,0.0642169254,73,0,0
Simone,Axelby,Comedy|Drama,100.28,0.0739055817,96,,1
Felecia,Dowker,Drama,97.8,0.374104035,83,0,1
Ricky,Leeves,Comedy|Romance,97.14,0.0429980072,80,0,1
Standford,Sparrow,Action|Drama|Romance|Sci-Fi,98.17,0.187599067,87,1,1
Truda,Bick,Comedy|Drama|Romance,102.23,0.0385810318,103,0,0
Belicia,Lattimore,Action|Crime|Thriller,97.24,0.0486876691,83,,1
Clarabelle,Prickett,Comedy|Crime|Drama,97.65,0.0681684412,84,0,1
Almeda,Batham,Comedy,99.69,0.2699722884,84,0,1
Latisha,Pollicatt,Crime|Drama|Mystery,96.01,0.0890006358,81,0,1
Isaak,Coveny,Action|Thriller,97.85,0.0387723878,97,0,1
Pauline,Tremaine,Crime|Drama,102.14,0.0042370049,88,1,1
Pammy,Bertwistle,Documentary,100.51,0.0652180559,87,0,1
Amye,Gluyus,Comedy|Drama,100.54,0.0045516365,76,0,1
Phyllis,Hamilton,Action|Crime|Drama,95.18,0.2049915977,78,1,1
Scott,Adamek,Comedy|Romance,99.03,0.0931765783,98,0,
Myer,Labbett,Drama,98.54,0.0336375317,68,0,1
Sallyanne,Chrispin,Crime,101.18,0.1722680208,95,0,
Kennith,Gittose,Adventure|Children|Fantasy|Sci-Fi,99.6,0.0400009982,95,0,1
Fernande,Hame,Action|Comedy|Thriller,97.28,0.0787013059,86,0,1
Bertram,Toor,Comedy|Romance,100.72,0.0984700257,88,,1
Catharina,Ransfield,Adventure|Animation|Children|Fantasy,98.38,0.0318748741,104,1,0
Guendolen,McShee,Adventure|Drama|Western,99.95,0.0854757562,80,0,1
Mortimer,Conaboy,Horror|Thriller,99.78,0.0041862461,101,1,
Maggi,Rudolf,Comedy|Drama,101.67,0.0069721838,82,,1
Frasquito,Chastenet,Drama,99.6,0.0503011986,92,0,1
Otha,Ewer,Drama|Fantasy,98.09,0.1004083059,102,0,1
Arin,Cunnow,Comedy,101.29,0.0987867811,100,0,
Osborne,Caines,Adventure|Animation|Children|Comedy|Drama|Musical|Romance,98.11,0.008356955,93,0,
Bank,Brozek,Comedy,97.92,0.0533983829,105,0,1
Sean,Cours,(no genres listed),101.57,0.0206038293,101,1,1
Hansiain,Sisneros,Documentary,100.43,0.0741749967,98,0,1
Fergus,Fransseni,Action|Sci-Fi,100.82,0.0808869995,99,,1
Adore,Creak,Drama,101.25,0.0577584234,77,,0
Garek,Tingcomb,Horror|Sci-Fi,103.61,0.0330185021,78,,1
Minnaminnie,Bruyns,Comedy,99.63,0.0214094351,83,0,
Carmencita,Odams,Drama,99.93,0.0179494177,83,1,1
Ezri,Orgill,Comedy|Romance,99.17,0.0919837136,94,0,1
Brig,Ormonde,Drama|Romance,100.68,0.0818643558,85,,1
Brant,Riditch,Drama,99.79,0.017478691,96,,1
Nikos,Mucklo,Action|Thriller,99.67,0.002824007,84,,1
Melania,Hendrix,Action|Drama|Thriller,97.55,0.0620979202,76,,1
Ravi,Spalding,Action|Thriller,97.58,0.1380646623,94,0,1
Emile,Collomosse,Comedy|Musical,102.93,0.0474258294,78,0,
Malvin,Kelloway,Action|Crime|Drama|Thriller|War,100.7,0.0245668163,76,0,0
Silvan,Callard,Children|Fantasy|Horror|Romance,100.86,0.0405117438,77,0,1
Davon,Watkiss,Comedy|Documentary,97.64,0.0047067652,111,,1
Benedicto,Crepel,Drama|Sci-Fi,98.32,0.1772351334,102,0,0
Stanislas,Hise,Documentary,100.1,0.0905369773,90,,
Rory,Plank,Documentary,101.63,0.1778604007,92,0,1
Shelia,Jarry,Crime|Drama|Romance,97.61,0.0964846377,91,0,1
Horatius,Beauchop,Comedy|Drama,102.75,0.0323262911,68,0,1
Ingra,Sleep,Horror,99.91,0.0056517797,78,1,
Bird,Dorian,Comedy|Drama|Fantasy|Romance,97.03,0.0470840437,70,,1
Shelagh,Tickel,(no genres listed),97.64,0.0504423509,85,,1
Lilla,Whitsey,Action|Drama,100.17,0.0020385149,89,0,1
Anderson,Eastlake,Horror|Thriller,96.11,0.0293285876,81,0,
Celia,Ocklin,Drama|Mystery,103.11,0.1103407449,70,,1
Sue,Tyer,Adventure|Drama|War|Western,100.37,0.0717732972,78,0,1
Sloan,Aspinal,Drama,101.09,0.0127238678,78,,
Mikaela,Zotto,Drama,101.31,0.0307972826,89,0,1
Andie,Meak,Action|Mystery|Thriller,101.72,0.0103495983,85,1,1
Arri,De'Ath,Drama|Romance,100.17,0.0291555633,90,0,1
Prisca,Newns,Adventure|Drama|War,102.3,0.0154086083,80,0,1
Aldwin,Stolle,Drama,98.18,0.0091860527,67,,1
Kean,Stringer,Adventure|Fantasy,97.65,0.0349205111,78,0,1
Ame,Prewett,Comedy|Musical|Western,98.55,0.0010905737,93,0,1
Luisa,Beastall,Action|Adventure|Comedy,98.08,0.2154183304,94,,0
Shelden,Trice,Action|Documentary|Drama|War,99.79,0.0273396069,83,0,1
Barrie,Franzolini,Action|Crime|Thriller,100.93,0.1688937719,83,0,1
Carlye,Greenough,Comedy|Horror|Musical,101.54,0.0202514765,67,0,1
Iorgo,Henrot,Comedy|Drama|Romance,98.51,0.0020490679,93,,1
Vannie,Deny,Comedy|Drama|Romance,101.98,0.0124450332,77,0,1
Marcel,Dragonette,Comedy,102.43,0.1104517131,78,,1
Delora,Kubelka,Animation|Comedy,99.35,0.0321866479,79,0,1
Harrie,Evenett,Adventure|Comedy|Fantasy,99.1,0.0451792088,87,0,1
Augustin,Jancar,Horror,96.02,0.0003487276,92,0,1
Tamra,Morling,Drama,99.59,0.025963285,101,0,0
Alexis,Widdison,Comedy|Romance,103.59,0.001658233,95,,0
Ninnette,Brill,Drama,98.62,0.1236148235,80,,1
Murdock,Ebdin,War,103.14,0.1024844377,89,0,1
Antonella,Tallowin,Comedy|Crime|Thriller,98.79,0.077019169,96,0,1
Margarethe,Batchelour,Documentary,99.3,0.1551513129,78,0,1
Andriette,Ipplett,Adventure,101.57,0.1193544128,78,0,1
Rodolphe,Chesney,Drama,101.35,0.0991968031,97,0,1
Lyon,Kennicott,Documentary,99.48,0.0278432838,88,0,1
Forrest,Belvin,Drama,98.11,0.0157718795,87,,1
Elyse,Seemmonds,Adventure|Drama,96.29,0.2432072539,90,0,0
Niles,Pithie,Comedy|Drama,101.87,0.0937120431,80,0,1
Farah,Elsip,Comedy,101.33,0.1172414067,92,0,1
Charlena,Jacobbe,Crime|Drama|Thriller,97.17,0.0397000571,87,0,1
Bing,Eppson,Comedy|Crime|Drama|Mystery|Thriller,99.93,0.0442459959,94,0,0
Hana,Harower,Documentary,98.98,0.0133283384,93,0,1
Loria,Fermor,Crime|Drama|Thriller,99.81,0.0054880878,93,0,
Sileas,Pleace,Adventure|Crime|Drama,99.87,0.0264991725,91,0,1
Reese,Clemmensen,Comedy|Musical|Romance,102.28,0.0255660215,69,0,
Madison,Carville,Comedy|Romance,100.49,0.0779900127,83,,1
Catharine,Osgodby,Action|Sci-Fi,99.29,0.0755972418,93,,1
Jojo,Danielou,Drama,99.5,0.0565090912,97,,
Pauly,Caurah,Documentary,98.2,0.0010093315,84,0,1
Clywd,Killingbeck,Comedy|Romance,98.06,0.0789422946,89,,
Salvador,Matveyev,Drama|Musical,100.38,0.1419183161,86,0,
Bord,Stegell,Drama,100.38,0.0325329192,105,0,1
Antone,Zieme,Documentary,98.19,0.063646681,80,,1
Winn,Kindle,Horror|Sci-Fi,100.25,0.0792215442,85,1,1
Daphna,Hallmark,Comedy,99.34,0.0517901874,107,0,0
Lynett,Akenhead,Comedy|Drama,101.78,0.1927142313,92,,1
Haydon,Farbrother,Drama,99.6,0.0636253233,96,,1
Ki,Rulton,Drama|Thriller,102.2,0.0142363536,92,0,1
Petr,Tremaine,Drama,102.68,0.0425955112,89,,1
Rosemonde,Ollive,Comedy,100.31,0.0333353783,92,1,1
Hilliary,Keohane,Drama,100.59,0.1954446014,75,,1
Janine,Gobbet,Drama,101.41,0.0110892054,91,0,1
Horace,De Ath,Drama|Mystery|Romance,98.71,0.0505606982,83,0,1
Estell,Filer,Adventure|Comedy|Sci-Fi,102.02,0.0748762765,95,0,1
Dareen,Nevill,Drama,98.84,0.040416844,87,,1
Moria,Keith,Drama|Thriller,99.72,0.0375730335,89,,1
Arlie,Seath,Comedy,100.45,0.1830989852,88,,1
Paula,Lermouth,Drama,99.69,0.0277281051,82,0,1
Carter,Burkett,Documentary,101.58,0.050239641,101,0,1
Griff,Stockwell,Drama|Musical|Romance,99.66,0.05505288,92,0,1
Monti,Jenicek,Comedy,100.81,0.0215841597,83,0,1
Cameron,Blackesland,Mystery|Thriller,102.46,0.1642944657,90,0,1
Doria,Hoyer,Action|Crime|Thriller,102.04,0.085799752,85,0,1
Bliss,Szymanski,Drama|Musical,101.89,0.0473336837,83,0,
Dinah,Cafe,Adventure|Comedy,100.28,0.0074909292,92,0,1
Eada,Gyurko,Comedy|Romance,102.06,0.0581963418,79,,
Blondy,Dikles,Adventure|Animation|Children|Comedy,98.64,0.1825939087,96,0,1
Phillipe,Bettison,Comedy,97.77,0.0588980312,95,1,1
Nonie,Middlehurst,Drama,103.47,0.0868473151,90,,1
Trudie,Jelleman,Horror|Thriller,97.24,0.0432687535,88,,1
Meredith,Mechem,Comedy|Drama|Romance,102.53,0.2719314938,103,0,1
Alidia,Leist,Animation,96.51,0.0127503738,90,0,0
Roselia,MacLleese,Adventure|Drama|Sci-Fi,100.99,0.1098201478,89,,1
Sean,McMenamin,Drama|Western,97.54,0.1831107936,79,,1
Shelby,McTurk,Drama|Romance,100.07,0.0006104086,85,0,1
Lanie,Grollmann,Drama|Sci-Fi,102.76,0.1465753471,99,,
Kimberley,Larroway,Action|Thriller,101.74,0.1793360276,78,0,0
Ingamar,Coslett,Drama|Romance,101.03,0.1175534438,83,1,1
Randi,Breese,Action|Adventure,101.33,0.0705593002,71,0,
Amalita,Leonards,Children|Comedy,101.83,0.0374118101,92,0,1
Aluino,Labern,Drama,103.86,0.0150276397,75,0,1
Marlo,Silmon,Comedy|Documentary,96.39,0.0615679031,100,0,1
Trey,Lawden,Action|Drama,97.33,0.0354529869,75,,1
Jackson,Longo,Action|Thriller,98.86,0.0559567273,97,0,1
Cathi,Smerdon,Comedy|Romance,98.37,0.2041911342,84,0,
Essie,Doerr,Drama|Romance|War,100.79,0.07812937,102,,
Leandra,Blasio,Action|Comedy|Crime|Thriller,101.5,0.0905371242,86,0,1
Althea,Batchelar,Documentary|Drama|Mystery,101.18,0.1975918276,92,0,1
Alonso,Ioan,Drama|Mystery,101.45,0.0091889743,104,0,1
Chrysler,Kuhlen,Romance,98.98,0.10625869,74,0,1
Ashlie,Markus,Drama,104.45,0.0427688179,81,,1
Gerty,Abella,(no genres listed),99.34,0.0587331273,76,0,1
Cristine,Kreutzer,Drama|Romance,99.21,0.1094418564,83,1,1
Danya,Woolley,Mystery|Thriller,103.14,0.0280978634,66,0,1
Kay,Humes,Comedy,99.52,0.0051587123,89,1,
Angelina,Kleis,Action|Comedy,98.4,0.0811870506,82,,1
Gasparo,Kintzel,Sci-Fi,100.34,0.061874237,93,,1
Amil,Bilbrey,Horror|Sci-Fi,104.29,0.0338522898,71,0,1
Leeanne,Bengtsen,Comedy,97.23,0.0004299918,81,,0
Thaxter,Papes,Drama|Horror|Thriller,98.85,0.0853788171,74,0,
Drew,Menego,(no genres listed),97.45,0.2825623356,98,0,1
Wyatt,Hannabus,Drama|Thriller,98.93,0.1223181229,92,0,1
Bebe,Bergstrand,Drama,98.02,0.023332073,93,,0
Culley,Skeemor,Drama,100.24,0.0403573063,93,,0
Devon,Karolowski,Comedy,99.26,0.267584841,91,,0
Thaine,Halcro,Children|Musical,98.94,0.0609421719,82,,1
Berta,Stebles,Drama,99.1,0.0335120147,83,0,1
Melinde,Travis,Documentary,95.7,0.0202890694,81,0,1
Rudd,Godfrey,Horror|Mystery|Thriller,98.68,0.0826456761,78,0,
Grissel,Weatherhogg,Crime|Drama|Horror|Thriller,99.57,0.0284341002,81,,1
Jessee,Giacomuzzi,Documentary,98.66,0.0281251238,84,0,1
Wolfie,Bruggeman,Comedy|Horror,102.93,0.3505364832,81,0,1
Shay,Kipping,Comedy|Crime|Drama,99.58,0.0510247625,79,,1
Yorke,Tidman,Horror,99.94,0.0171798051,79,0,1
Bianca,Meehan,Drama,100.34,0.0090422221,96,0,1
Hastie,Boakes,Horror|Thriller,98.81,0.0272317707,99,0,1
Evonne,Yansons,Drama,97.34,0.0093447448,92,0,1
Leo,Ebbings,Comedy,102.78,0.0904376084,86,1,1
Zack,Cash,Crime|Mystery,101.43,0.0220950664,87,,1
Haleigh,Limpricht,Horror|Thriller,100.89,0.0509958481,84,1,1
Erwin,Hefferan,Crime|Drama,101.55,0.0765134503,85,0,0
Howard,Lumm,Crime|Film-Noir|Mystery|Romance|Thriller,100.73,0.29316714,94,,1
Shannen,Churching,Documentary|Drama|Sci-Fi,102.04,0.1008522222,91,0,1
Gnni,Aime,Comedy,97.19,0.1365298032,84,0,1
Elsbeth,Bourges,Action|Drama|Thriller,98.85,0.0569622218,89,0,1
Hillie,Castello,Crime|Drama|Musical,99.25,0.0626700289,96,0,1
Estella,Bedbrough,Drama,98.43,0.1167099713,91,,1
Durant,Schoolcroft,Comedy|Drama,96.86,0.0256136063,88,0,0
Germayne,Vergo,Drama|Western,104.37,0.0853358213,95,,1
Mollie,Seear,Comedy|Crime|Drama,99.61,0.1276711137,75,,
Kalli,Fatscher,Comedy|Drama|Romance|War,100.58,0.0544957846,91,0,1
Farrel,Jones,Action|Adventure|Horror|Mystery|Sci-Fi|Thriller,99.11,0.0202455221,83,1,
Emory,Ackwood,Adventure|Children|Comedy|Fantasy,97.04,0.064372087,90,,1
Barrett,Naul,Adventure|Animation|Children|Comedy|Fantasy|Romance,101.69,0.0150220113,96,0,1
Robbin,Jonah,Drama,101.21,0.0280161602,87,0,0
Lorens,Maliphant,Drama,98.28,0.1543322681,79,1,1
Gerri,Conant,Action|Drama|Horror,103.66,0.1507743309,102,,1
Bessy,Cases,Drama,102.43,0.0541011297,66,0,1
Gordie,Batchelour,Crime|Drama|Thriller,100.99,0.0676622139,104,,1
Duff,Ledur,Drama|Horror|Sci-Fi,100.92,0.0775525164,92,0,
Fallon,Reeders,Drama|Romance|War,99.05,0.0843144129,85,,
Olivia,Ackers,Comedy|Drama,101.21,0.1355878086,80,1,1
Iona,Shrimplin,Action|Adventure|Horror|Sci-Fi,99.24,0.0997703889,78,0,1
Pansie,Boylan,Comedy,98.49,0.0109611083,92,0,1
Woodie,Dyster,Comedy|Musical|Romance,97.34,0.0142646825,91,0,1
Adriane,Wellman,Action|Drama|War,98.63,0.1604777702,109,0,1
Stepha,Lancashire,Action|Adventure|Animation,97.34,0.0142563791,73,0,1
Norri,Retallack,Drama,99.49,0.0357832743,90,0,1
Demott,Ebhardt,Documentary,99.87,0.0269381197,85,0,1
Elita,Goggey,Documentary,99.66,0.186254758,79,1,1
Godfry,Pomroy,Comedy,97.53,0.0176809805,90,,1
Kirk,Wingate,Comedy|Drama|Mystery|Romance|Thriller,100.41,0.0392880008,74,,1
Meta,Feltham,Drama,99.79,0.0114021372,103,,0
Nancy,Kleynen,Horror,101.29,0.0917233434,92,0,1
Gael,Escot,Action|Adventure|Fantasy|Sci-Fi,103.05,0.004797989,95,,1
Kriste,Box,Children|Comedy|Musical|Romance,101.39,0.0173629383,86,,1
Kylen,Odd,Adventure|Animation|Children|Romance|Sci-Fi,101.66,0.2442143585,92,,0
Tadio,Beautyman,Documentary,102.27,0.000487279,94,,1
Cordelia,McMillan,Action|Crime|Thriller,103.61,0.1108296918,80,0,1
Sileas,Rosenbloom,Comedy|Documentary,95.84,0.1778782533,67,0,
Nadiya,Augustine,Drama|Film-Noir|Mystery,100.65,0.0562150597,83,0,1
Dyna,Maleney,Thriller,98.28,0.0351749089,94,0,1
Nydia,Kenward,Crime|Horror|Mystery,98.49,0.1540107973,87,0,1
Chaim,Knoble,Crime|Mystery|Thriller,96.48,0.1784038174,95,0,0
Germana,Burbury,Drama|Horror|Thriller,103.08,0.0529080806,107,0,1
Meggy,Cullity,Drama|Musical|Romance,96.11,0.0994064367,90,0,1
Georgianna,Avery,Animation,100.04,0.1418761001,87,0,1
Antone,Swett,Action|Adventure|Drama|Thriller|War,99.82,0.050850491,93,0,1
Herta,Littleover,Drama,100.11,0.0601804096,84,0,1
Kelsi,Tedman,Drama,99.0,0.0368637508,79,1,
Rivalee,Itzkovwich,Action|Adventure|Sci-Fi,99.54,0.1302204574,84,,1
Dominic,Mackerel,Drama|War,103.84,0.0382782542,82,,1
Melba,Coaten,Drama,98.05,0.0101045158,97,0,0
Gifford,Andrag,Documentary,101.04,0.0138049018,88,0,1
Marika,London,Action|Adventure|Comedy|Romance|Thriller,103.49,0.0678830012,84,0,1
Otho,Reymers,Adventure|Children|Drama,99.61,0.0449597065,83,,1
Jamil,Davys,Action|Drama,97.03,0.0141838937,109,1,1
Dud,Hansom,Drama|War,98.3,0.1366686048,76,0,0
Linette,Synke,Comedy|Drama,98.05,0.0759048407,80,0,1
Muire,Leahair,Animation|Children|Comedy,99.71,0.0337152853,87,1,1
Englebert,d' Eye,Comedy,101.25,0.2038773064,86,,1
Torey,Mitro,Drama|Romance,97.05,0.0040921699,99,,1
Janot,Jenson,Documentary,100.68,0.0440195535,117,0,1
Veronique,Ebbett,Comedy|Romance,103.19,0.0500158772,74,,
Torre,Dyne,Action|Adventure|Drama,98.59,0.027611343,80,,1
Danila,L'Episcopi,Crime|Drama,97.03,0.1360521058,88,0,1
Nev,Canete,Documentary,97.4,0.1000869015,105,0,1
Adam,Bulley,Children|Comedy,101.51,0.0328892652,97,0,1
Baudoin,Ricardon,Action|Crime|Drama|Thriller,96.98,0.0581440438,98,0,1
Alden,Gaywood,Action|Comedy,102.0,0.0283347623,95,,1
Vinnie,Liverock,Action|Drama,99.23,0.0860422018,104,,1
Gris,Vanichev,Drama|Romance,100.52,0.0094754134,102,,1
Joya,Karpushkin,Documentary,100.71,0.092290895,76,,1
Allina,Meneyer,Comedy,97.52,0.0278922273,88,0,1
Sibbie,Stanyan,Drama,99.83,0.0044543057,84,0,1
Eb,Gaul,Comedy|Drama,99.82,0.0094128719,75,0,1
Alexandra,Trippett,Musical,93.14,0.0009321956,82,0,1
Hillie,Coatts,Horror|Thriller,99.21,0.0480477736,72,0,1
Mikkel,Gemeau,Comedy|Drama,101.31,0.1670903905,89,0,1
Gale,Armfirld,Horror|Sci-Fi|Thriller,99.31,0.4819500589,93,,1
Claribel,Basnett,Horror|Sci-Fi,101.41,0.393910936,93,,1
Mason,Kenn,Comedy,97.29,0.0553322005,91,0,1
Mateo,Freeman,Action|Drama|War,101.24,0.0629239878,85,0,
Leela,Jamary,Documentary,99.7,0.0192542139,100,1,
Weider,Emmot,Documentary,100.1,0.0473655429,82,0,1
Redd,Yukhnin,Drama,99.38,0.0099066671,93,0,1
Claudell,Hazelgrove,Comedy|Drama|Romance,98.8,0.075129954,89,,1
Rachele,Youngs,Comedy,102.19,0.0368334264,75,0,1
Meggy,Craney,Drama|Thriller,103.65,0.0679228914,114,,1
Normie,Bunhill,Documentary,100.62,0.0919284982,71,0,
Leanor,Benedicte,Drama|Romance,104.76,0.1959707237,84,0,1
Field,Louden,Action|Horror,102.58,0.1158706066,81,,
Rabi,Ledamun,Comedy,100.64,0.0238822368,93,0,0
Helaina,Gullan,Documentary,104.3,0.0253239862,92,0,0
Halley,Lillywhite,Action|Adventure|Drama,100.5,0.1744964484,91,1,1
Phyllis,Courson,Crime|Drama|Mystery|Thriller,99.56,0.0312326219,81,,1
Bryce,Kydd,Drama|Horror|Mystery|Thriller|War,102.8,0.0330461713,91,0,0
Merrie,Cumpton,Western,101.72,0.0077708037,73,0,1
Danya,Bastin,Drama,98.79,0.0823270865,89,0,
Baxie,Spurden,Comedy,102.39,0.0729888693,100,,1
Rutter,Fewtrell,Comedy|Romance,101.47,0.0170315,87,0,1
Federico,Laboune,Comedy,98.18,0.0646364938,103,0,1
Meredith,O' Hogan,Drama,100.37,0.0611068767,101,0,1
Alicia,Rosenbusch,Drama|Romance,99.81,0.0220524752,84,0,1
Davidde,MacFie,Comedy,102.64,0.069153329,103,,1
Nealson,Breitler,Drama,101.15,0.0332184712,107,,1
Dedie,Crottagh,Comedy,100.54,0.0040226999,89,,1
Phaedra,Baroche,Adventure|Comedy|Horror,99.34,0.0132121787,93,,1
Dinah,Dachs,Drama,100.67,0.0070097417,80,0,1
Germaine,Vaggs,Horror|Sci-Fi|Thriller,98.31,0.0685860062,101,0,1
Brenna,Spickett,Drama|Romance,97.58,0.0909490985,86,,1
Harald,Galpin,Action|Crime,101.88,0.0062465951,89,,1
Filippa,Kiddy,Musical,98.7,0.0024196487,85,0,1
Kathleen,Waison,Comedy|Drama,98.52,0.090366967,84,1,0
Horst,Struijs,Crime|Drama,97.06,0.0456534096,98,1,1
Romain,Hampstead,Action|Sci-Fi|Thriller,98.87,0.1035791509,106,,1
Sol,Bard,Drama,98.84,0.2338228859,85,,1
Kaila,Server,Drama,101.34,0.0891243479,98,0,1
Salli,Masseo,Children|Comedy,93.92,0.0114944105,104,,1
Nap,Foker,Comedy|Drama,98.48,0.0086510244,94,0,0
Karol,Menaul,Drama|Romance,98.66,0.028690996,86,1,
Creight,Richings,Drama,95.47,0.1691592888,88,0,1
Tomkin,Geraghty,Comedy|Musical|Romance,99.53,0.2098025653,85,,1
Leona,Hanks,Action|Horror|Sci-Fi|Thriller,97.66,0.0686069168,89,,1
Ellie,Lindenstrauss,Documentary,99.77,0.025434653,90,0,0
Caz,Sevior,Comedy,103.3,0.0364808989,87,0,1
Standford,Duffett,Drama|Horror|Mystery,102.76,0.0076692583,98,0,1
Marj,Maddicks,Horror|Thriller,100.55,0.0604665775,78,0,1
Becky,Pawley,Mystery,99.55,0.0150590258,103,0,1
Jaquith,Spiaggia,Comedy|Fantasy|Romance,98.72,0.197245645,88,0,1
Arni,Mottram,Drama|Musical|Thriller,102.09,0.0237827112,99,0,1
Milton,Blenkinsop,Drama|Sci-Fi,101.0,0.0597484744,78,,1
Atalanta,Charrington,Drama,97.48,0.0400087474,91,1,1
Davidde,Venn,Drama,101.49,0.0442632347,96,,1
Margo,Noirel,Drama,97.42,0.0004011112,92,0,1
Estell,Soldan,Drama,99.31,0.1439663773,87,,
Ramonda,Berkely,Action|Drama|Sci-Fi,102.43,0.0077383504,79,1,1
Idaline,Romanet,Adventure|Comedy|Crime,100.02,0.0745197326,79,0,1
Beverlie,Petley,Drama|Romance,100.86,0.0152678312,97,0,1
Nikolas,Tranfield,Comedy|Sci-Fi,98.22,0.0278022313,92,0,1
Phillie,Curee,Documentary,97.08,0.0570752329,97,0,
Ketti,Weinberg,Documentary,99.77,0.016256705,77,,
Vittorio,McIndoe,Drama,99.64,0.0245365479,81,0,1
Dianemarie,Bartoloma,Comedy|Drama,96.92,0.0557722158,93,,1
Desi,Bwye,Crime|Drama,98.93,0.0597094047,85,0,1
Waverly,Blazynski,Musical|Romance,101.9,0.0045201499,97,0,1
Raleigh,Jossum,Adventure|Animation|Children|Comedy|Fantasy|Romance,98.94,0.067810348,75,0,
Ed,Abramamovh,Drama,99.24,0.0291467163,78,0,
Alexandr,Jimenez,Horror|Western,101.02,0.0737636964,95,1,1
Nickie,Malby,Comedy,102.79,0.2712214575,62,,1
Row,St. Ledger,Drama|Horror,98.39,0.0067633923,93,,1
Roseanne,Gell,Adventure|Animation|Children|Comedy|Fantasy,98.78,0.1139453364,90,0,1
Ronald,Leversuch,Crime|Drama|Thriller,99.18,0.0548066352,88,,1
Tybalt,Dionisetto,Action|Drama|Thriller,96.76,0.1182032903,86,,1
Ira,Kelston,Comedy,98.77,0.169399882,83,1,0
Leontyne,Origin,Sci-Fi,98.13,0.0638748808,96,1,1
Cristy,Argue,Drama|War,102.11,0.0485361748,91,0,1
Hanny,Salvage,Drama,100.87,0.1040353237,80,1,1
Wilhelm,Tortoise,Drama,99.68,0.2458783336,73,,1
Lanny,Hinsche,Drama|Romance,100.38,0.0456255953,83,,1
Chrissie,Watson-Brown,Comedy|Drama|Romance,100.53,0.0143729957,106,1,1
Cherin,Sergean,Adventure|Drama,99.99,0.116002034,91,1,1
Wilden,Copeland,Drama,98.78,0.0422131101,83,0,1
Malinde,Pembridge,Comedy,99.17,0.0134383681,77,0,1
Nickey,Blasetti,Comedy|Drama,100.62,0.1271783556,90,0,1
Johan,Hardwin,Comedy|Romance,100.96,0.0595353705,88,0,1
Davidson,Franzoli,Drama|Musical|Romance,103.66,0.0357074668,92,0,0
Patrice,Stradling,Drama,98.83,0.0772306988,87,1,1
Berry,Perkin,Comedy|Drama|Romance,101.46,0.0064133166,93,,1
Yettie,Qualtrough,Action|Thriller,97.87,0.0087428246,94,0,
Dosi,Biagioni,Action|Crime,102.89,0.0594321503,89,0,1
Breena,Gonzalvo,Comedy|Drama|Romance,99.92,0.1188351572,90,1,1
Brandea,Edwicke,Comedy,99.52,0.0345683886,83,,
Peg,Frayne,Action|Comedy|Crime|Thriller,98.1,0.0722780705,93,0,1
Cyrus,Miall,Drama,99.68,0.0941083903,104,,1
Sarene,Esberger,Adventure,102.96,0.1967267355,102,0,1
Del,Hazle,Comedy|War,104.02,0.0151410857,102,,1
Nils,Schaffler,Drama,98.95,0.0409374452,81,0,1
Gabrielle,Fetherstan,Comedy,97.8,0.0634698885,101,0,
Paloma,Seif,Comedy|Romance,97.31,0.0261598392,70,,1
Gerianne,Friman,Drama|Romance,103.18,0.0017868606,87,0,1
Vivie,Casaroli,Documentary,101.54,0.0281970663,77,,1
Osmund,Girardez,Adventure|Drama|Sci-Fi,101.08,0.031658989,89,0,0
Kitty,Baish,Documentary,97.75,0.1415396135,84,0,1
Marianna,Humbee,Drama|Romance,98.77,0.0501579581,71,,
Guinna,Weeke,Comedy|Horror|Sci-Fi|Thriller,100.77,0.0359368082,69,,1
Idette,Zanutti,Comedy,100.32,0.0256734541,109,0,
Riobard,Daveridge,Comedy|Drama,97.96,0.1072516075,88,0,0
Brigitta,Pellitt,Documentary,95.58,0.0992032194,86,0,1
Otto,Gietz,Action|Horror,98.87,0.0001924707,76,,1
Enrico,Domek,Drama,102.93,0.1206379139,73,0,1
Sherri,Hamelyn,Documentary,101.37,0.16569316,85,0,1
Harriette,Jobson,Drama,100.74,0.1417262609,92,0,
Van,Leyrroyd,Comedy|Drama,101.19,0.0405416343,88,0,1
Mill,Thon,Comedy|Drama|Musical|Romance,102.24,0.0234394021,92,0,1
Ysabel,Esslemont,Action|Crime|Drama|Thriller,100.74,0.1267530978,100,0,1
Abdel,Saint,(no genres listed),101.84,0.0406203779,88,0,1
Adelice,Fosten,Animation|Children,103.0,0.0047010293,98,,1
Emelita,Turpie,Drama|Thriller,97.27,0.0038084442,74,,1
Siffre,Blandford,Comedy|Drama,99.63,0.113272276,75,1,1
Taber,Danigel,Comedy|Drama,99.46,0.0029866493,85,0,1
Claudette,Courtin,Comedy|Crime|Drama,100.98,0.2879390542,93,,1
Gilligan,St Ledger,Crime|Drama|Thriller,99.87,0.0174024952,92,,1
Haroun,Eles,Comedy|Documentary,101.79,0.0934218244,93,1,1
Wileen,Rozea,Documentary|Horror,101.18,0.1795402454,83,0,1
Ranna,Degue,Drama,101.67,0.0917289101,67,,1
Chelsea,Roake,Drama|Romance,101.43,0.06606945,96,0,1
Liane,Orridge,Drama,100.1,0.0400671758,94,,1
Kellsie,Pattemore,Comedy|Horror,102.57,0.0060736636,92,0,1
Gerome,Mainds,Animation|Children|Comedy|Fantasy|Musical,100.52,0.035092233,90,0,1
Cindie,Wewell,Drama|Romance,101.99,0.0963398359,88,,1
Jessalyn,Cull,Comedy|Drama|Mystery,98.61,0.1537363289,109,1,1
Bengt,Tiner,Comedy,101.62,0.0056170542,95,0,1
Gordie,Vearncombe,Comedy|Fantasy,104.58,0.0146975526,98,0,1
Murvyn,Klassmann,Horror,101.21,0.2514699135,117,0,1
Robenia,Hughlin,Action|Crime|Drama,97.0,0.0172271659,94,,1
Alecia,Fullegar,Documentary,101.75,0.4045994544,93,,0
Sarina,Penelli,Action|Drama|War,99.02,0.1456419769,77,0,1
Lari,Le Jean,Comedy,101.21,0.1179891786,99,0,1
Gabrila,Lovejoy,Drama,98.31,0.0544897479,94,,1
Etti,Brandolini,Action|War|Western,100.99,0.0119685989,83,0,1
Elias,Johanchon,Adventure|Children,98.68,0.0161517612,85,0,
Vally,Casarini,Drama|Mystery|Thriller,103.0,0.0998913148,88,0,1
Deeann,Yearnsley,Documentary,98.05,0.0263287619,88,0,1
Brigit,Eby,Adventure|Drama,102.31,0.0098590978,63,,0
Elvin,Hamnet,Comedy|Romance,99.83,0.1010571307,80,0,1
Honoria,Dimic,Drama|Thriller,101.27,0.1680401592,96,0,0
Hali,Chartres,Drama,99.48,0.0976444252,86,0,
Hayden,Montez,Adventure,97.45,0.0938438788,77,,1
Amerigo,Davydenko,Drama|War,103.61,0.0054508485,83,0,1
Whitman,Shergold,Documentary,99.71,0.063752437,97,0,1
Guillemette,Keegan,Adventure|Animation|Drama|Romance|War,98.28,0.0322146638,86,0,1
Bear,Dyter,Drama,99.98,0.0602426511,92,0,
Guilbert,Calafato,Drama,101.68,0.0335732025,101,,0
Paddie,Tipton,Thriller,103.14,0.0730151916,87,0,
Sheilakathryn,Condy,Action|Adventure|Horror,96.38,0.028137114,93,0,1
Madelina,Arntzen,Comedy|Musical,96.44,0.0528733533,71,,1
Roxie,Ardley,Horror,98.5,0.0969989327,96,,
Georgie,Friberg,Crime|Drama|Mystery|Thriller,99.6,0.0054405074,96,0,1
Pam,Murfill,Comedy|Musical,101.71,0.0587834483,81,0,
Alyss,Romushkin,Thriller,102.07,0.0802112109,83,,1
Sonnnie,Neem,Drama,99.02,0.0445125863,99,0,1
Derron,Alsford,Comedy|Drama,100.7,0.1050468413,83,,
Andree,Wesker,Animation|Fantasy|Sci-Fi,98.2,0.0462530419,88,0,1
Katina,Neylan,Adventure|Animation|Children,100.24,0.0265149779,92,0,1
Milty,Mitford,Documentary|War,101.87,0.2439808339,82,,
Iago,Gillmor,Film-Noir|Horror|Thriller,101.49,0.0763655278,88,0,1
Austin,Coper,Comedy|Drama,103.2,0.0335887328,78,,1
Phebe,Stapylton,Adventure|Animation,102.45,0.0991187707,92,0,1
Kacie,Ferier,Action|Animation|Horror,99.73,0.0274066576,73,,1
Ange,Valencia,Comedy|Romance,103.85,0.0340657831,94,0,1
Merrily,Hatt,Romance,99.27,0.0276482187,78,,1
Anet,McCart,Drama|Romance,99.09,0.0561628547,91,0,1
Bordie,Humbert,Comedy|Drama,97.59,0.1922966251,84,1,0
Armin,Daniell,Drama,104.9,0.0630651721,82,,
Tracey,Augustus,(no genres listed),96.54,0.0365330082,87,0,1
Elden,Laffan,Comedy|Musical,99.77,0.0687295751,74,1,1
Raeann,Turfitt,Comedy|Romance,100.38,0.0339990819,80,0,1
Marcelle,Cargo,Comedy,100.51,0.077556417,75,0,1
Miran,Devall,Comedy|Romance,103.0,0.0837044515,93,0,1
Keen,Camock,Comedy|Crime|Drama,101.41,0.0080829384,88,0,1
Axe,Brewer,Adventure,102.19,0.0234005965,81,0,1
Lorrin,Huegett,Documentary,98.99,0.0057826275,77,0,
Elianore,Colbrun,Animation|Children|Musical,103.36,0.0082186538,89,0,1
Allis,Biasotti,Drama|Romance,97.46,0.1010002149,90,,1
Rube,Simoncelli,Drama,98.58,0.0333839777,91,1,1
Kyla,Hallgate,War,99.65,0.0959548547,79,,1
Hans,Stutter,Documentary,99.54,0.0055980085,104,0,1
Annalee,Ellesmere,Comedy,100.23,0.0732792342,79,0,1
Sigfried,Corderoy,Documentary,99.79,0.042972597,79,0,1
Trenna,Maciak,Comedy,98.92,0.205180277,92,,1
Albertina,Blore,Crime|Drama|Film-Noir|Mystery,99.81,0.0679778973,84,,
Cleveland,Doche,Drama,95.55,0.0493957885,84,0,0
Woodie,Cockayne,Horror,98.21,0.0294921691,92,0,
Gwenore,Rigate,Animation|Drama|Romance|War,100.07,0.1240679911,102,1,1
Benjamin,Di Roberto,Comedy,99.52,0.2140931924,87,0,
Vance,Hans,Comedy,98.4,0.0028622553,90,0,1
Meyer,Winson,Drama|Romance,100.92,0.1624687447,96,1,1
Cindelyn,Tripean,Comedy|Romance,101.28,0.0304975812,92,0,1
Nevil,Marling,Comedy|Romance,102.55,0.0222452274,74,,0
Sabrina,Howlin,Action|Adventure|Fantasy,101.0,0.1157333406,85,1,1
Cherianne,Goublier,Children|Comedy,98.43,0.0593812746,78,,1
Washington,Clemas,Crime|Drama|Thriller,102.25,0.0686859613,72,,0
Jdavie,Zanetello,Drama|War,103.5,0.1079602395,108,0,1
Ernie,Spiby,Drama|Film-Noir,98.37,0.2894995091,103,,1
Alberik,Knatt,Drama,98.98,0.2503242064,88,0,
Danna,Shenfish,Mystery|Thriller,99.91,0.0110064957,95,0,
Irene,Crass,Comedy,101.34,0.0835202311,83,0,1
Floris,Lean,Comedy|Drama|Romance,99.44,0.0430447625,78,1,1
Budd,Coling,Comedy|Musical|Romance,99.79,0.0117457143,78,0,1
Royall,Domini,Adventure|Comedy,99.98,0.1638762666,95,,1
Letitia,Bould,Drama|War,99.56,0.1105521456,82,0,1
Roselia,McKibbin,Comedy,99.25,0.0425711408,95,,1
Lark,Deakes,Drama|Fantasy|Mystery,101.16,0.4378967457,79,,1
Richard,Guiett,Drama|Romance,101.06,0.0478516236,96,0,1
Fawn,McKevitt,Drama|Sci-Fi,100.67,0.0405426906,99,0,
Marrissa,Goring,Action,98.59,0.1209356714,83,1,1
Michell,Gaffney,Comedy|Crime|Drama,96.33,0.2362131073,63,1,
Gratia,Down,Action|Adventure,100.67,0.1622379145,89,0,1
Lilllie,Wishkar,Western,98.93,0.1523439679,93,1,1
Madalena,O'Siaghail,Drama,98.62,0.0058665496,90,0,1
Niki,Emsley,Comedy,101.72,0.2708712435,102,0,1
Phillis,Chishull,Comedy,100.31,0.0355809948,97,0,1
Albertine,Cutford,Animation,101.39,0.0713054714,78,,1
Rancell,Langham,Comedy,99.85,0.0208274582,66,0,1
Wilburt,Janiak,Comedy,96.94,0.0979894917,76,0,1
Merill,Cattonnet,Comedy,99.27,0.0176055705,76,0,0
Moises,Trebbett,Fantasy|Sci-Fi,102.39,0.0655023235,90,0,1
Alexandrina,Peverell,Comedy|Drama|Romance,103.78,0.0057856106,77,0,1
Davida,Hutchason,Horror,98.08,0.0828055519,93,0,1
Karlik,Phettis,Drama,100.16,0.0413315958,70,0,1
Brook,Werndly,Drama|Mystery,100.86,0.0614264683,88,0,1
Esme,Manning,Adventure,96.95,0.0014381923,96,1,
Ogdon,Mickleborough,Comedy|Drama,96.98,0.0342215471,92,0,1
Bartolomeo,Laurand,Drama,98.44,0.0753762141,88,0,1
Kirsteni,Shoulder,Documentary,100.74,0.0097485744,99,,1
Winn,Dimont,Horror|Sci-Fi|Thriller,97.92,0.1116437153,86,,1
Graham,Ciardo,(no genres listed),102.65,0.1180435711,85,0,1
Sherry,Wroe,Drama|Mystery|Thriller,100.28,0.0051993766,84,0,0
Emiline,Dyton,Drama|Romance,102.59,0.0730004717,82,,
Morse,Trengrouse,Comedy|Romance,100.4,0.0830903368,95,,1
Christoph,Doby,Comedy|Fantasy|Romance,101.59,0.0307593806,100,0,1
Thea,Ligoe,Comedy|Drama,98.86,0.0146561809,94,,0
Miltie,Petheridge,Comedy|Drama|Romance,99.22,0.0675351868,92,0,1
Heather,Sainthill,Romance,100.44,0.0103126701,95,0,0
Whitney,Barnsdale,Documentary,97.92,0.0619495496,82,0,1
Vassily,Hymer,Adventure|Crime|Drama,98.56,0.1590193067,79,0,1
Ianthe,Gerwood,Comedy|Horror,101.1,0.0036844103,99,0,1
Erda,Tilley,Drama|Musical,103.62,0.1301475342,87,,1
Lizzie,Brood,Western,102.71,0.0287241996,71,0,0
Ranice,Matteucci,Drama|Romance,99.18,0.0364942142,94,0,1
Tandy,Shirlaw,Drama,100.64,0.0481714652,92,,1
Artemis,Caesman,Comedy|Drama,102.94,0.1679452678,70,0,1
Jacqueline,Divis,Crime|Mystery|Thriller,102.15,0.0281042836,93,0,1
Teresita,Westley,Action|Adventure|Drama|Thriller,99.63,0.0401981573,84,,
Marvin,Marielle,Drama,102.9,0.0201799352,105,0,1
King,Aykroyd,(no genres listed),98.3,0.0084845482,81,1,1
Tory,Grebbin,Comedy|Drama|Romance,99.49,0.0203129488,80,0,1
Merrill,Beacham,Comedy|Crime|Drama|Thriller,103.75,0.0642731834,79,0,
Barnebas,Orman,Comedy,96.9,0.0274661191,109,0,
Seth,Hanning,Comedy|Drama,99.32,0.1599631573,92,,1
Marylou,Pitblado,Comedy|Drama,101.15,0.0541678748,75,1,
Franni,Pilling,Comedy,99.34,0.0493496836,88,,1
Wini,Quiddinton,Drama|Romance,100.41,0.1113619412,82,0,
Kyle,Muscott,Drama,101.74,0.0409677491,66,0,1
Elke,Klimochkin,Drama|Romance|War,98.88,0.0621942005,91,0,0
Darlene,Hamly,Action|Drama|War,99.74,0.0165410703,91,,1
Lorrayne,Kinneally,Drama,102.96,0.1244067725,93,,1
Aldon,Oxford,(no genres listed),97.23,0.0191936574,85,0,1
Cornelle,D'Alesco,Mystery|Thriller,102.78,0.236657268,90,,1
Carmella,Grzelczak,Drama,101.18,0.0468839911,73,0,1
Bogey,Weavill,Crime|Drama|Thriller,97.77,0.076813528,95,0,1
Camella,Sandbrook,Drama,102.86,0.058167345,84,,1
Kaitlin,Esplin,Drama,99.25,0.0013783949,101,0,1
Kiersten,Rummings,Horror|Sci-Fi|Thriller,100.67,0.0026113832,89,1,1
Garwood,Mashro,Drama|Horror|Sci-Fi,98.23,0.0193375141,90,1,1
Adrienne,Scamaden,Crime|Drama|Romance,98.25,0.0148603642,97,0,1
Janek,Valerius,Drama,96.92,0.0218358915,87,0,1
Stacy,Witham,Comedy|Drama|Thriller,102.06,0.0619259894,89,0,
Winifield,Trounson,Action|Animation|Children|Comedy,104.18,0.0047703028,83,0,
Tricia,Jamme,(no genres listed),100.75,0.0268793189,82,0,1
Bayard,Sanpher,Sci-Fi|Thriller|Western,99.49,0.1194211008,81,,1
Noel,Guyer,Drama,96.82,0.0728000361,90,0,1
Muffin,Skiplorne,Drama|Thriller,97.8,0.0278088943,90,,1
Merwyn,Paolacci,Horror,99.73,0.0060065013,94,,
Elga,Waterstone,Comedy,102.38,0.0001304715,88,0,1
Dorian,Leathe,(no genres listed),96.31,0.0176824367,80,,1
Melly,Leaning,Action|Drama|War,100.93,0.0079131543,101,0,0
Ibby,Stodit,Drama|Sci-Fi,101.33,0.0615717264,90,0,1
Marguerite,Habishaw,Drama,99.36,0.0074751751,80,,1
Gunar,Raycroft,Action,97.58,0.091588912,86,0,0
Uri,Lathey,Comedy|Horror,102.48,0.0105948518,90,,1
Aubrey,Philippet,Comedy,100.72,0.0296692957,102,0,0
Eilis,Culleford,Drama|Romance,99.33,0.0137569126,98,,1
Karim,Sexti,Documentary,100.63,0.1338092715,76,1,1
Cinda,Testin,Adventure|Drama,102.08,0.0316479626,89,,1
Lotte,Marion,Romance,101.52,0.0308045924,91,1,1
Bert,Hubback,Drama|Horror,97.14,0.0144911288,99,,1
Timothea,Breznovic,Documentary|War,100.08,0.0411088918,95,,1
Tann,Habercham,Drama,94.23,0.0072257793,69,0,1
Rodina,Crowley,Horror,100.91,0.0068122778,79,0,0
Dianna,Mote,Drama|Film-Noir|Thriller,101.65,0.0240041341,91,,1
Halli,Bowerbank,Drama|Mystery|Thriller,98.52,0.0021203935,81,,1
Brendin,Gristwood,Comedy|Romance,102.34,0.0314858634,87,0,0
Lion,Stait,Drama,103.54,0.1448565144,85,0,1
Evita,Zammett,Drama|War,101.56,0.0093990987,76,,1
Ricoriki,Narraway,Drama,102.54,0.0137367735,85,,1
Birdie,Gateland,Comedy|Crime|Drama,98.91,0.0015463467,80,0,1
Linnea,Langmead,Action|Drama,98.52,0.0147621752,80,1,1
Sonya,Hawkslee,Drama,100.42,0.0012936505,71,,1
Falkner,Fawdry,Drama,100.21,0.0454909464,85,0,1
Abramo,Saffill,Drama|Mystery,98.53,0.1431354056,68,,1
Toma,Shawley,Drama,100.9,0.0807531195,93,0,0
Vachel,Gookey,Comedy|Drama,98.85,0.0558475569,82,0,1
Doroteya,Thorius,Drama,99.47,0.0702643881,91,0,
Dulcine,Kanwell,Documentary,97.17,0.0632666685,89,,0
Janine,Blacket,Documentary,102.52,0.0844219681,77,1,1
Leona,Ogus,Action|Comedy|Horror|Thriller,100.25,0.1923906753,78,,1
Isador,McMenamy,Comedy|Drama,98.86,0.1069155539,122,,
Mildred,Shasnan,Drama|Romance,102.15,0.0800026671,66,1,1
Zeb,Farbrace,Adventure|Children|Drama,99.89,0.0075894055,93,,1
Eduardo,Rickman,Comedy|Romance,100.75,0.0787446275,77,0,1
Vanda,McCarron,Sci-Fi,98.03,0.0243423896,87,0,1
Keelby,Letteresse,Comedy|Horror,99.01,0.2057459444,88,0,1
Liv,Jamson,Comedy|Romance,99.44,0.061185039,83,0,1
Flemming,Hammatt,Documentary|Fantasy,99.79,0.1204270186,99,,
Eyde,MacAllester,Horror|Thriller,101.54,0.0318709527,78,1,1
Alair,Chillcot,Adventure|Animation|Children|Musical|Western,97.16,0.0674057831,93,0,1
Katha,Archibould,Drama|Romance,101.05,0.0952227323,100,,1
Georgianna,Edmeads,Drama|Musical,102.65,0.1690311193,90,0,1
Jarrod,Perrie,Western,101.31,0.0281331859,86,,1
Gerry,Maharey,Drama|Fantasy|Romance,102.29,0.0386394611,94,,1
Oberon,Sictornes,Comedy|Drama|Fantasy|Romance,97.02,0.0410518158,88,0,1
Keir,Ferraro,Action|Drama|Western,103.71,0.0085769645,82,0,1
Kalindi,Kording,Horror|Mystery,101.6,0.0390635149,92,1,1
Cello,Leverentz,Fantasy|Musical|Romance,100.35,0.030158439,82,0,1
Aharon,Engelmann,Drama,98.56,0.0482744327,98,1,1
Loralie,Galbraeth,Documentary,100.48,0.0078823995,91,1,1
Kirbee,Lasslett,Documentary,100.26,0.0159693297,94,,1
Deedee,Morit,Film-Noir,99.42,0.0250456042,80,0,
Selma,Klagge,Horror|Mystery,99.74,0.2708624139,84,0,1
Barnie,Nannetti,Adventure|Children,97.56,0.0462292592,97,,1
Riane,Darwin,Drama|Fantasy|Thriller,99.3,0.1557042626,87,0,1
Mariette,Duckitt,Drama,102.79,0.0330811187,82,0,
Harcourt,Knoles,Action|Horror|Thriller,97.76,0.2139914318,88,0,1
Glenden,Chapiro,Animation|Comedy,97.3,0.0026067695,103,0,1
Karylin,Wingate,Comedy,103.94,0.0822545171,87,0,1
Flossie,Scogings,Children|Comedy|Drama|Musical|Romance,96.93,0.0528476749,91,0,1
Eloisa,Allchorne,Drama|Mystery|Sci-Fi,100.35,0.0055181103,96,1,
Martie,Eberts,Action|Fantasy|Horror|Romance,100.99,0.0407965142,81,,1
Gerhard,Mabey,Animation|Drama|Romance|Sci-Fi|War,102.43,0.1596268904,74,0,1
Jody,Morecomb,Comedy|Musical|Romance,100.54,0.0017182247,79,0,1
Mitchel,Marians,Children|Comedy|Romance,101.22,0.0057667642,69,,1
Carri,Van Velden,Musical|Romance,100.35,0.0582522001,73,,1
Emalia,Yter,Documentary,100.18,0.0051816505,82,0,1
Kyle,Pledge,Action|Sci-Fi|Thriller,98.06,0.005053545,92,1,1
Elysia,Egarr,Drama,100.57,0.009521598,76,0,1
Conni,Mac Geaney,Comedy|Western,99.92,0.0118268471,96,,1
Marvin,O'Loinn,Drama|Romance,100.31,0.064635308,103,,
Fernandina,Serle,Drama|Horror|Sci-Fi|Thriller,103.18,0.0369153845,85,,
Kiel,Verma,Drama,101.79,0.0331310569,90,0,1
Ingaborg,Frake,Drama|Romance,101.3,0.0422442915,109,1,1
Ginger,Gallienne,Children|Drama,95.27,0.0137754727,68,,
Stan,Cripin,Comedy|Romance,102.76,0.0333521094,96,0,1
Ernest,Lonergan,Drama|Romance,100.27,0.0616534903,85,0,1
Moe,Ormrod,Comedy|Drama|Romance,98.56,0.0858440775,95,,1
Lazaro,Lothlorien,Comedy|Drama,95.35,0.057276985,98,0,1
Hersch,Bullene,Drama|Horror,99.24,0.0004000402,93,0,1
Rosabelle,McEntagart,Drama,97.39,0.0061563694,81,0,
Ryun,Somerled,Comedy,101.97,0.0847606375,101,,1
Freeland,Janney,Comedy|Drama,104.6,0.11129084,102,1,
Selinda,Skitch,Crime|Drama,100.63,0.1144628229,88,,0
Marj,Moyer,Drama,100.52,0.1704354084,102,0,1
Rudie,Laybourne,Comedy,101.77,0.2438728725,97,1,1
Kristi,Brixham,Comedy|Drama,97.11,0.0034356861,76,0,
Donica,Westwater,Drama|Horror|Mystery|Thriller,100.73,0.153138534,72,,1
Katerina,Ayshford,Crime|Mystery,102.96,0.1598968055,81,0,1
Skipton,Plenty,Crime|Drama|Thriller,103.03,0.0635518514,103,0,1
Lauralee,Doppler,Drama,101.18,0.1461781488,79,1,1
Maximo,Francioli,Comedy|Drama,100.52,0.0552961893,75,0,1
Marillin,Willford,Comedy,98.96,0.0944667354,78,0,1
Tresa,Cannicott,Comedy|Horror,101.59,0.0711896405,81,0,1
Agathe,Marzelle,Action|Drama|Sci-Fi|Thriller,99.85,0.0111624805,92,0,1
Mimi,Gent,(no genres listed),101.84,0.0320411675,82,,1
Vittoria,Dowell,Comedy|Musical,100.39,0.1720165307,98,0,1
Montgomery,Tanby,Comedy|Drama|War,99.81,0.0179440596,88,,1
Catriona,Duthy,Adventure|Children|Musical,105.49,0.0132879718,79,,1
Pattin,Giller,Drama,100.18,0.0594674598,81,0,1
Allyn,McNea,Comedy,100.47,0.0042499958,93,0,1
Petey,Wareham,Action|Thriller,101.89,0.1237022295,94,0,1
Hildegaard,Balloch,Comedy|Drama|Romance,100.05,0.009968635,95,1,
Abigail,Croxall,Drama,101.12,0.0695086208,78,0,1
Barnard,Mullett,Adventure|Animation|Children|Fantasy,99.07,0.052322226,95,0,1
Kaile,Kencott,Comedy|Drama|Thriller,100.16,0.1369562106,91,0,0
Kit,Lawles,Horror|Romance|Sci-Fi,101.9,0.2497058489,84,0,1
Roselin,Cheshire,Comedy|Drama|Romance,100.04,0.0984380582,100,0,1
Pearce,Gettens,Drama,102.43,0.0414799924,92,0,1
Franny,Cutajar,Romance,101.3,0.0639358523,88,,1
Nataniel,Ainge,Action|Comedy|Thriller,104.03,0.0331548916,86,0,1
Gottfried,Grece,Action|Adventure,101.41,0.115422371,103,0,
Farlay,Desvignes,Comedy,98.79,0.0261973919,94,0,1
Naomi,Mewburn,Comedy|Documentary,100.49,0.003290866,87,0,0
Herb,Ribey,Adventure,101.53,0.0284417532,94,,1
Allyson,Tongs,Comedy|Musical|Romance,100.82,0.1568822737,103,0,
Melinda,Dufaur,Action|Comedy|Crime,100.5,0.0210475741,86,,1
Crystal,Powder,Action|Drama,99.46,0.0600522177,92,,1
Ag,Dyster,Comedy|Drama|Fantasy|Mystery|Sci-Fi|Thriller,97.97,0.0561346341,89,,1
Maddy,Dunstan,Comedy|Drama|Musical|Romance,103.78,0.1248199185,74,0,1
Tailor,Botfield,Action,97.47,0.1746607652,104,1,1
Ernie,MacMoyer,Drama,99.57,0.1410679924,77,0,1
Sergent,Crim,Action|Crime|Drama|Thriller,101.84,0.0791654825,98,0,0
Josefina,Sancraft,Western,102.63,0.070725297,100,,1
Moe,Mordey,Comedy|Musical,97.95,0.0311165783,79,0,1
Sherri,Lafford,Action|Drama,96.76,0.0925341347,88,1,1
Cindee,Bengall,Action|Drama|Thriller|War,100.1,0.0174433924,83,,1
Malchy,Goodee,Horror,99.81,0.0398534753,87,1,1
Husain,Doole,Drama,98.21,0.0243516908,94,0,1
Alisun,Morewood,Drama,102.21,0.0334737349,103,0,1
Kale,Mac Geaney,Drama,95.06,0.0756868915,97,,1
Adolf,Pyle,Action|Fantasy|Western,99.29,0.0214743979,83,0,1
Dorisa,Daggett,Drama|Romance,103.43,0.0646868022,82,0,
Hyacinthie,Monument,Children|Comedy,100.8,0.0544915254,92,0,1
Storm,Fensome,Documentary,99.94,0.0004607647,91,0,
Evin,Rolph,Drama|Horror|Romance|Thriller,99.34,0.0102387446,86,0,1
Nicolis,Brunon,Animation|Children,100.7,0.105369026,90,0,1
Berny,Fillon,Drama|War,104.0,0.0454716576,83,1,1
Raychel,Berre,Documentary,97.84,0.0045110719,84,0,1
Dulcie,Gamil,Action|Adventure|Drama|War,101.97,0.0207569631,85,0,1
Rupert,McQuade,Comedy|Romance,99.02,0.0242728314,91,1,1
Renato,Pittock,Comedy|Romance,100.1,0.0680796652,95,0,1
Darleen,Pinard,Comedy,100.12,0.0125585509,88,0,1
Melinda,Drennan,Drama,100.67,0.1566437341,89,0,1
Garrard,Volke,Drama,99.82,0.0189967574,87,0,1
Vitia,Autie,Sci-Fi,100.88,0.0411107831,107,0,0
Eddy,Cornford,Documentary,100.3,0.0784268303,71,,
Paton,Pic,Drama,97.13,0.1385760794,81,0,1
Alfy,Pepi,Action|Adventure|Western,104.52,0.0085196147,84,,1
Denney,Bannister,Horror|Sci-Fi,94.7,0.2281266021,94,,
Milt,Gorton,Action|Drama,96.55,0.015435656,88,0,1
Cairistiona,Corrigan,Drama,98.65,0.2845558027,77,1,1
Hogan,Wrathmall,Horror,100.06,0.0571878941,114,0,1
Delores,Koles,Drama|Romance,99.45,0.0235809405,103,,1
Blayne,Haysar,Action|Crime,100.03,0.0234024185,96,,
Garey,Fritz,Documentary,97.68,0.1950073837,87,0,1
Rica,Winstanley,Drama,103.38,0.0583503697,73,0,1
Rikki,Bellerby,Comedy,100.71,0.2372038356,76,0,1
Bernard,Suggey,Horror|Sci-Fi,99.57,0.2240732968,91,0,1
Baldwin,O'Suaird,Crime|Drama,102.58,0.0395296525,86,1,1
Sherwin,McMeekan,Animation|Children|Comedy,97.19,0.0450160643,107,0,0
Beilul,Alessandrucci,Horror,100.84,0.0825883636,98,1,1
Gussie,Ambrosoli,Documentary,99.22,0.0435876465,97,0,1
Moshe,Weiser,Crime|Documentary,98.74,0.1303004101,76,0,1
Claudianus,Marie,Comedy,97.88,0.0927956845,82,0,1
Merline,Halgarth,Animation|Children|Comedy,101.2,0.0634479481,88,0,1
Rafaela,Colston,Drama|Romance,99.93,0.0609494976,83,0,1
Alice,McElhinney,Drama,98.96,0.2623161945,88,1,
Calvin,Sommerlie,Documentary,96.6,0.0028595362,82,0,1
Andie,Izhaky,Fantasy|Sci-Fi,99.16,0.0620866106,113,,1
Shea,Balls,Horror,100.37,0.0841264813,100,0,1
Peg,Dorn,Comedy|Drama|Romance,99.9,0.0676005419,74,,1
Dudley,Evesque,Drama|Musical,102.03,0.1260116455,94,0,
Florenza,Littlewood,Adventure|Children|Comedy,104.31,0.0023492415,75,,1
Moyra,Stitt,Comedy|Fantasy,101.64,0.0397403341,83,,1
Meade,Sang,Horror,103.38,0.026377877,64,0,1
Adella,Ockland,(no genres listed),100.4,0.03041106,112,1,1
Bambie,McLucky,Crime|Drama|Film-Noir,98.16,0.0505149557,84,0,1
Averyl,Quilleash,Adventure|Children|Sci-Fi,98.86,0.0076896899,85,,1
Rochester,Lough,Documentary,98.5,0.1412128201,79,0,1
Haze,Palfrey,Action|Adventure|Thriller|IMAX,104.04,0.0347381609,83,1,1
Wendeline,Pead,Comedy|Western,100.24,0.0239703663,81,0,0
Charmain,Whitman,Horror,96.44,0.0190533943,90,0,1
Marsha,Rosone,Drama,99.22,0.0233282042,88,0,1
Gherardo,Vido,Comedy|Drama,99.39,0.0652840311,92,0,1
Arly,Fairchild,Comedy,100.78,0.1592976522,77,0,0
Frances,Andric,Comedy|Drama,101.36,0.0395788175,90,,1
Jessika,Giffard,Drama|Mystery|Thriller,97.1,0.0208434284,93,0,1
Quintana,Roberds,Comedy|Crime,99.52,0.0455424086,79,1,1
Aubrette,Biscomb,Action|Comedy|Crime|Drama|Thriller,100.08,0.3028118341,92,0,1
Oliy,Sellack,Adventure|Children|Sci-Fi,103.36,0.0659914826,98,1,1
Gwyn,Van't Hoff,Drama|Romance,99.19,0.0106993567,82,0,
Read,Sandilands,Comedy|Romance,99.93,0.1597592941,88,1,1
Reginauld,Sautter,(no genres listed),101.54,0.0678161858,86,0,1
Odille,Chritchley,Drama,98.83,0.0391152522,100,,1
Hermie,Seyler,Documentary,99.45,0.0283985115,107,0,1
Tanner,Heppenspall,Drama,101.7,0.062350287,101,0,
Noby,Curling,Comedy|Drama,99.71,0.0297952975,85,,0
Robinett,Sapauton,Comedy,99.82,0.0034332071,75,1,1
Martie,Fort,Drama,101.97,0.1054656799,94,,1
Toddy,Vasilik,Animation|Comedy,101.78,0.0196574102,100,1,
Sada,Joannidi,Drama|Sci-Fi|Thriller,99.62,0.0310059109,87,0,
Vera,Prazor,Horror,101.4,0.0171187059,86,,1
Pearline,Bikker,Crime|Horror|Thriller,103.45,0.0028808451,100,0,1
Clemmie,Vennings,Action|Adventure|Sci-Fi,100.67,0.0167109092,76,0,1
Pepito,Punter,Documentary,102.39,0.0585434509,71,,1
Desdemona,McVitty,Documentary,100.33,0.0026231347,81,,1
Rick,Tupper,Comedy|Drama,98.47,0.0434543144,76,1,1
Gilberto,Faber,Comedy,101.21,0.1193652916,82,0,1
Ainsley,Else,Adventure|Animation|Children|Musical,100.42,0.0377217618,83,1,1
Cornela,Laroze,Action|Crime|Drama|Thriller,102.14,0.0013022789,75,,1
Ahmed,Rasor,Crime|Mystery,103.64,0.1289490903,99,0,1
Isa,Threadgold,Horror|Mystery|Thriller,103.99,0.2275918884,104,0,1
Colby,Cymper,Action|Fantasy|Thriller,102.78,0.0620708046,97,0,0
Silvester,Vesque,Drama,97.39,0.1025472719,71,0,1
Jeniece,Naldrett,Action|Crime,97.87,0.0472882415,90,1,1
Zonnya,Dargie,Comedy|Crime,98.58,0.0052105743,74,0,1
Patricia,Casaletto,Drama,99.84,0.0003529067,96,1,1
Jennica,Charters,Drama|Romance,101.55,0.0408025561,95,0,1
Elvin,Matejovsky,Documentary,99.96,0.027941795,100,,1
Fitz,Goodliff,Documentary,94.7,0.2274632422,101,0,
